{
"lengthUnit": "mil",
"remark": [],
"components": {
	"fields": ["COMPONENT_NO", "COMPONENT_NAME", "LAYER", "X_COORDINATE", "Y_COORDINATE", "ANGLE"],
	"rows": [
		[1, "U1", "T", 703.977, -685, 0],
		[2, "U3", "T", 710, -1575, 0],
		[3, "PAD1", "T", 403.98, -285, 0],
		[4, "PAD1", "B", 403.98, -285, 0],
		[5, "PAD2", "T", 403.98, -485, 0],
		[6, "PAD2", "B", 403.98, -485, 0],
		[7, "PAD3", "T", 403.98, -785, 0],
		[8, "PAD3", "B", 403.98, -785, 0],
		[9, "PAD4", "T", 403.98, -985, 0],
		[10, "PAD4", "B", 403.98, -985, 0],
		[11, "PAD5", "T", 403.98, -1185, 0],
		[12, "PAD5", "B", 403.98, -1185, 0],
		[13, "PAD6", "T", 403.98, -1285, 0],
		[14, "PAD6", "B", 403.98, -1285, 0],
		[15, "PAD7", "T", 1003.98, -1285, 0],
		[16, "PAD7", "B", 1003.98, -1285, 0],
		[17, "PAD8", "T", 1003.98, -1185, 0],
		[18, "PAD8", "B", 1003.98, -1185, 0],
		[19, "PAD9", "T", 1003.98, -1085, 0],
		[20, "PAD9", "B", 1003.98, -1085, 0],
		[21, "PAD10", "T", 1003.98, -885, 0],
		[22, "PAD10", "B", 1003.98, -885, 0],
		[23, "PAD11", "T", 1003.98, -785, 0],
		[24, "PAD11", "B", 1003.98, -785, 0],
		[25, "PAD12", "T", 1003.98, -685, 0],
		[26, "PAD12", "B", 1003.98, -685, 0],
		[27, "PAD13", "T", 1003.98, -585, 0],
		[28, "PAD13", "B", 1003.98, -585, 0],
		[29, "PAD14", "T", 1003.98, -485, 0],
		[30, "PAD14", "B", 1003.98, -485, 0],
		[31, "PAD15", "T", 1003.98, -285, 0],
		[32, "PAD15", "B", 1003.98, -285, 0],
		[33, "PAD16", "T", 403.98, -385, 0],
		[34, "PAD16", "B", 403.98, -385, 0],
		[35, "PAD17", "T", 160, -1675, 0],
		[36, "PAD17", "B", 160, -1675, 0],
		[37, "PAD18", "T", 160, -1575, 0],
		[38, "PAD18", "B", 160, -1575, 0],
		[39, "PAD19", "T", 160, -1475, 0],
		[40, "PAD19", "B", 160, -1475, 0],
		[41, "PAD20", "T", 260, -1675, 0],
		[42, "PAD20", "B", 260, -1675, 0],
		[43, "PAD21", "T", 260, -1575, 0],
		[44, "PAD21", "B", 260, -1575, 0],
		[45, "PAD22", "T", 260, -1475, 0],
		[46, "PAD22", "B", 260, -1475, 0],
		[47, "PAD23", "T", 360, -1675, 0],
		[48, "PAD23", "B", 360, -1675, 0],
		[49, "PAD24", "T", 360, -1575, 0],
		[50, "PAD24", "B", 360, -1575, 0],
		[51, "PAD25", "T", 360, -1475, 0],
		[52, "PAD25", "B", 360, -1475, 0],
		[53, "PAD26", "T", 460, -1675, 0],
		[54, "PAD26", "B", 460, -1675, 0],
		[55, "PAD27", "T", 460, -1575, 0],
		[56, "PAD27", "B", 460, -1575, 0],
		[57, "PAD28", "T", 460, -1475, 0],
		[58, "PAD28", "B", 460, -1475, 0],
		[59, "PAD29", "T", 560, -1675, 0],
		[60, "PAD29", "B", 560, -1675, 0],
		[61, "PAD30", "T", 560, -1575, 0],
		[62, "PAD30", "B", 560, -1575, 0],
		[63, "PAD31", "T", 560, -1475, 0],
		[64, "PAD31", "B", 560, -1475, 0],
		[65, "PAD32", "T", 660, -1675, 0],
		[66, "PAD32", "B", 660, -1675, 0],
		[67, "PAD33", "T", 660, -1575, 0],
		[68, "PAD33", "B", 660, -1575, 0],
		[69, "PAD34", "T", 660, -1475, 0],
		[70, "PAD34", "B", 660, -1475, 0],
		[71, "PAD35", "T", 760, -1675, 0],
		[72, "PAD35", "B", 760, -1675, 0],
		[73, "PAD36", "T", 760, -1575, 0],
		[74, "PAD36", "B", 760, -1575, 0],
		[75, "PAD37", "T", 760, -1475, 0],
		[76, "PAD37", "B", 760, -1475, 0],
		[77, "PAD38", "T", 860, -1675, 0],
		[78, "PAD38", "B", 860, -1675, 0],
		[79, "PAD39", "T", 860, -1575, 0],
		[80, "PAD39", "B", 860, -1575, 0],
		[81, "PAD40", "T", 860, -1475, 0],
		[82, "PAD40", "B", 860, -1475, 0],
		[83, "PAD41", "T", 960, -1675, 0],
		[84, "PAD41", "B", 960, -1675, 0],
		[85, "PAD42", "T", 960, -1575, 0],
		[86, "PAD42", "B", 960, -1575, 0],
		[87, "PAD43", "T", 960, -1475, 0],
		[88, "PAD43", "B", 960, -1475, 0],
		[89, "PAD44", "T", 1060, -1675, 0],
		[90, "PAD44", "B", 1060, -1675, 0],
		[91, "PAD45", "T", 1060, -1575, 0],
		[92, "PAD45", "B", 1060, -1575, 0],
		[93, "PAD46", "T", 1060, -1475, 0],
		[94, "PAD46", "B", 1060, -1475, 0],
		[95, "PAD47", "T", 1160, -1675, 0],
		[96, "PAD47", "B", 1160, -1675, 0],
		[97, "PAD48", "T", 1160, -1575, 0],
		[98, "PAD48", "B", 1160, -1575, 0],
		[99, "PAD49", "T", 1160, -1475, 0],
		[100, "PAD49", "B", 1160, -1475, 0],
		[101, "PAD50", "T", 1260, -1675, 0],
		[102, "PAD50", "B", 1260, -1675, 0],
		[103, "PAD51", "T", 1260, -1575, 0],
		[104, "PAD51", "B", 1260, -1575, 0],
		[105, "PAD52", "T", 1260, -1475, 0],
		[106, "PAD52", "B", 1260, -1475, 0]
	]
},
"pins": {
	"fields": ["PIN_NO", "PIN_NAME", "PIN_X", "PIN_Y", "LAYER", "PIN_TYPE", "NET_NAME", "NET_TYPE", "PAD_SHAPE", "PAD_SIZEX", "PAD_SIZEY", "HOLE_SIZE", "HOLE_LEN", "PAD_ANGLE"],
	"rows": [
		[1, "U1_1", 403.98, -185, "T", "DIP", "NET_1", "", "R", 60, 60, 36, 36, 0],
		[2, "U1_1", 403.98, -185, "B", "DIP", "NET_1", "", "R", 60, 60, 36, 36, 0],
		[3, "U1_2", 403.98, -285, "T", "DIP", "U1_2", "", "C", 60, 60, 36, 36, 0],
		[4, "U1_2", 403.98, -285, "B", "DIP", "U1_2", "", "C", 60, 60, 36, 36, 0],
		[5, "U1_3", 403.98, -385, "T", "DIP", "GND", "GND", "C", 60, 60, 36, 36, 0],
		[6, "U1_3", 403.98, -385, "B", "DIP", "GND", "GND", "C", 60, 60, 36, 36, 0],
		[7, "U1_4", 403.98, -485, "T", "DIP", "GND", "GND", "C", 60, 60, 36, 36, 0],
		[8, "U1_4", 403.98, -485, "B", "DIP", "GND", "GND", "C", 60, 60, 36, 36, 0],
		[9, "U1_5", 403.98, -585, "T", "DIP", "NET_2", "", "C", 60, 60, 36, 36, 0],
		[10, "U1_5", 403.98, -585, "B", "DIP", "NET_2", "", "C", 60, 60, 36, 36, 0],
		[11, "U1_6", 403.98, -685, "T", "DIP", "NET_3", "", "C", 60, 60, 36, 36, 0],
		[12, "U1_6", 403.98, -685, "B", "DIP", "NET_3", "", "C", 60, 60, 36, 36, 0],
		[13, "U1_7", 403.98, -785, "T", "DIP", "U1_7", "", "C", 60, 60, 36, 36, 0],
		[14, "U1_7", 403.98, -785, "B", "DIP", "U1_7", "", "C", 60, 60, 36, 36, 0],
		[15, "U1_8", 403.98, -885, "T", "DIP", "NET_4", "", "C", 60, 60, 36, 36, 0],
		[16, "U1_8", 403.98, -885, "B", "DIP", "NET_4", "", "C", 60, 60, 36, 36, 0],
		[17, "U1_9", 403.98, -985, "T", "DIP", "U1_9", "", "C", 60, 60, 36, 36, 0],
		[18, "U1_9", 403.98, -985, "B", "DIP", "U1_9", "", "C", 60, 60, 36, 36, 0],
		[19, "U1_10", 403.98, -1085, "T", "DIP", "NET_5", "", "C", 60, 60, 36, 36, 0],
		[20, "U1_10", 403.98, -1085, "B", "DIP", "NET_5", "", "C", 60, 60, 36, 36, 0],
		[21, "U1_11", 403.98, -1185, "T", "DIP", "U1_11", "", "C", 60, 60, 36, 36, 0],
		[22, "U1_11", 403.98, -1185, "B", "DIP", "U1_11", "", "C", 60, 60, 36, 36, 0],
		[23, "U1_12", 403.98, -1285, "T", "DIP", "U1_12", "", "C", 60, 60, 36, 36, 0],
		[24, "U1_12", 403.98, -1285, "B", "DIP", "U1_12", "", "C", 60, 60, 36, 36, 0],
		[25, "U1_13", 1003.98, -1285, "T", "DIP", "U1_13", "", "C", 60, 60, 36, 36, 0],
		[26, "U1_13", 1003.98, -1285, "B", "DIP", "U1_13", "", "C", 60, 60, 36, 36, 0],
		[27, "U1_14", 1003.98, -1185, "T", "DIP", "U1_14", "", "C", 60, 60, 36, 36, 0],
		[28, "U1_14", 1003.98, -1185, "B", "DIP", "U1_14", "", "C", 60, 60, 36, 36, 0],
		[29, "U1_15", 1003.98, -1085, "T", "DIP", "U1_15", "", "C", 60, 60, 36, 36, 0],
		[30, "U1_15", 1003.98, -1085, "B", "DIP", "U1_15", "", "C", 60, 60, 36, 36, 0],
		[31, "U1_16", 1003.98, -985, "T", "DIP", "NET_6", "", "C", 60, 60, 36, 36, 0],
		[32, "U1_16", 1003.98, -985, "B", "DIP", "NET_6", "", "C", 60, 60, 36, 36, 0],
		[33, "U1_17", 1003.98, -885, "T", "DIP", "U1_17", "", "C", 60, 60, 36, 36, 0],
		[34, "U1_17", 1003.98, -885, "B", "DIP", "U1_17", "", "C", 60, 60, 36, 36, 0],
		[35, "U1_18", 1003.98, -785, "T", "DIP", "U1_18", "", "C", 60, 60, 36, 36, 0],
		[36, "U1_18", 1003.98, -785, "B", "DIP", "U1_18", "", "C", 60, 60, 36, 36, 0],
		[37, "U1_19", 1003.98, -685, "T", "DIP", "U1_19", "", "C", 60, 60, 36, 36, 0],
		[38, "U1_19", 1003.98, -685, "B", "DIP", "U1_19", "", "C", 60, 60, 36, 36, 0],
		[39, "U1_20", 1003.98, -585, "T", "DIP", "U1_20", "", "C", 60, 60, 36, 36, 0],
		[40, "U1_20", 1003.98, -585, "B", "DIP", "U1_20", "", "C", 60, 60, 36, 36, 0],
		[41, "U1_21", 1003.98, -485, "T", "DIP", "+5V", "", "C", 60, 60, 36, 36, 0],
		[42, "U1_21", 1003.98, -485, "B", "DIP", "+5V", "", "C", 60, 60, 36, 36, 0],
		[43, "U1_22", 1003.98, -385, "T", "DIP", "NET_7", "", "C", 60, 60, 36, 36, 0],
		[44, "U1_22", 1003.98, -385, "B", "DIP", "NET_7", "", "C", 60, 60, 36, 36, 0],
		[45, "U1_23", 1003.98, -285, "T", "DIP", "GND", "GND", "C", 60, 60, 36, 36, 0],
		[46, "U1_23", 1003.98, -285, "B", "DIP", "GND", "GND", "C", 60, 60, 36, 36, 0],
		[47, "U1_24", 1003.98, -185, "T", "DIP", "NET_8", "", "C", 60, 60, 36, 36, 0],
		[48, "U1_24", 1003.98, -185, "B", "DIP", "NET_8", "", "C", 60, 60, 36, 36, 0],
		[49, "U3_1", 160, -1675, "T", "DIP", "GND", "GND", "C", 49.606, 49.606, 33.07, 33.07, 0],
		[50, "U3_1", 160, -1675, "B", "DIP", "GND", "GND", "C", 49.606, 49.606, 33.07, 33.07, 0],
		[51, "U3_2", 160, -1575, "T", "DIP", "+5V", "", "C", 49.606, 49.606, 33.07, 33.07, 0],
		[52, "U3_2", 160, -1575, "B", "DIP", "+5V", "", "C", 49.606, 49.606, 33.07, 33.07, 0],
		[53, "U3_3", 160, -1475, "T", "DIP", "U1_2", "", "C", 49.606, 49.606, 33.07, 33.07, 0],
		[54, "U3_3", 160, -1475, "B", "DIP", "U1_2", "", "C", 49.606, 49.606, 33.07, 33.07, 0],
		[55, "U3_4", 260, -1675, "T", "DIP", "GND", "GND", "C", 49.606, 49.606, 33.07, 33.07, 0],
		[56, "U3_4", 260, -1675, "B", "DIP", "GND", "GND", "C", 49.606, 49.606, 33.07, 33.07, 0],
		[57, "U3_5", 260, -1575, "T", "DIP", "+5V", "", "C", 49.606, 49.606, 33.07, 33.07, 0],
		[58, "U3_5", 260, -1575, "B", "DIP", "+5V", "", "C", 49.606, 49.606, 33.07, 33.07, 0],
		[59, "U3_6", 260, -1475, "T", "DIP", "U1_7", "", "C", 49.606, 49.606, 33.07, 33.07, 0],
		[60, "U3_6", 260, -1475, "B", "DIP", "U1_7", "", "C", 49.606, 49.606, 33.07, 33.07, 0],
		[61, "U3_7", 360, -1675, "T", "DIP", "GND", "GND", "C", 49.606, 49.606, 33.07, 33.07, 0],
		[62, "U3_7", 360, -1675, "B", "DIP", "GND", "GND", "C", 49.606, 49.606, 33.07, 33.07, 0],
		[63, "U3_8", 360, -1575, "T", "DIP", "+5V", "", "C", 49.606, 49.606, 33.07, 33.07, 0],
		[64, "U3_8", 360, -1575, "B", "DIP", "+5V", "", "C", 49.606, 49.606, 33.07, 33.07, 0],
		[65, "U3_9", 360, -1475, "T", "DIP", "U1_9", "", "C", 49.606, 49.606, 33.07, 33.07, 0],
		[66, "U3_9", 360, -1475, "B", "DIP", "U1_9", "", "C", 49.606, 49.606, 33.07, 33.07, 0],
		[67, "U3_10", 460, -1675, "T", "DIP", "GND", "GND", "C", 49.606, 49.606, 33.07, 33.07, 0],
		[68, "U3_10", 460, -1675, "B", "DIP", "GND", "GND", "C", 49.606, 49.606, 33.07, 33.07, 0],
		[69, "U3_11", 460, -1575, "T", "DIP", "+5V", "", "C", 49.606, 49.606, 33.07, 33.07, 0],
		[70, "U3_11", 460, -1575, "B", "DIP", "+5V", "", "C", 49.606, 49.606, 33.07, 33.07, 0],
		[71, "U3_12", 460, -1475, "T", "DIP", "U1_11", "", "C", 49.606, 49.606, 33.07, 33.07, 0],
		[72, "U3_12", 460, -1475, "B", "DIP", "U1_11", "", "C", 49.606, 49.606, 33.07, 33.07, 0],
		[73, "U3_13", 560, -1675, "T", "DIP", "GND", "GND", "C", 49.606, 49.606, 33.07, 33.07, 0],
		[74, "U3_13", 560, -1675, "B", "DIP", "GND", "GND", "C", 49.606, 49.606, 33.07, 33.07, 0],
		[75, "U3_14", 560, -1575, "T", "DIP", "+5V", "", "C", 49.606, 49.606, 33.07, 33.07, 0],
		[76, "U3_14", 560, -1575, "B", "DIP", "+5V", "", "C", 49.606, 49.606, 33.07, 33.07, 0],
		[77, "U3_15", 560, -1475, "T", "DIP", "U1_12", "", "C", 49.606, 49.606, 33.07, 33.07, 0],
		[78, "U3_15", 560, -1475, "B", "DIP", "U1_12", "", "C", 49.606, 49.606, 33.07, 33.07, 0],
		[79, "U3_16", 660, -1675, "T", "DIP", "GND", "GND", "C", 49.606, 49.606, 33.07, 33.07, 0],
		[80, "U3_16", 660, -1675, "B", "DIP", "GND", "GND", "C", 49.606, 49.606, 33.07, 33.07, 0],
		[81, "U3_17", 660, -1575, "T", "DIP", "+5V", "", "C", 49.606, 49.606, 33.07, 33.07, 0],
		[82, "U3_17", 660, -1575, "B", "DIP", "+5V", "", "C", 49.606, 49.606, 33.07, 33.07, 0],
		[83, "U3_18", 660, -1475, "T", "DIP", "U1_20", "", "C", 49.606, 49.606, 33.07, 33.07, 0],
		[84, "U3_18", 660, -1475, "B", "DIP", "U1_20", "", "C", 49.606, 49.606, 33.07, 33.07, 0],
		[85, "U3_19", 760, -1675, "T", "DIP", "GND", "GND", "C", 49.606, 49.606, 33.07, 33.07, 0],
		[86, "U3_19", 760, -1675, "B", "DIP", "GND", "GND", "C", 49.606, 49.606, 33.07, 33.07, 0],
		[87, "U3_20", 760, -1575, "T", "DIP", "+5V", "", "C", 49.606, 49.606, 33.07, 33.07, 0],
		[88, "U3_20", 760, -1575, "B", "DIP", "+5V", "", "C", 49.606, 49.606, 33.07, 33.07, 0],
		[89, "U3_21", 760, -1475, "T", "DIP", "U1_19", "", "C", 49.606, 49.606, 33.07, 33.07, 0],
		[90, "U3_21", 760, -1475, "B", "DIP", "U1_19", "", "C", 49.606, 49.606, 33.07, 33.07, 0],
		[91, "U3_22", 860, -1675, "T", "DIP", "GND", "GND", "C", 49.606, 49.606, 33.07, 33.07, 0],
		[92, "U3_22", 860, -1675, "B", "DIP", "GND", "GND", "C", 49.606, 49.606, 33.07, 33.07, 0],
		[93, "U3_23", 860, -1575, "T", "DIP", "+5V", "", "C", 49.606, 49.606, 33.07, 33.07, 0],
		[94, "U3_23", 860, -1575, "B", "DIP", "+5V", "", "C", 49.606, 49.606, 33.07, 33.07, 0],
		[95, "U3_24", 860, -1475, "T", "DIP", "U1_18", "", "C", 49.606, 49.606, 33.07, 33.07, 0],
		[96, "U3_24", 860, -1475, "B", "DIP", "U1_18", "", "C", 49.606, 49.606, 33.07, 33.07, 0],
		[97, "U3_25", 960, -1675, "T", "DIP", "GND", "GND", "C", 49.606, 49.606, 33.07, 33.07, 0],
		[98, "U3_25", 960, -1675, "B", "DIP", "GND", "GND", "C", 49.606, 49.606, 33.07, 33.07, 0],
		[99, "U3_26", 960, -1575, "T", "DIP", "+5V", "", "C", 49.606, 49.606, 33.07, 33.07, 0],
		[100, "U3_26", 960, -1575, "B", "DIP", "+5V", "", "C", 49.606, 49.606, 33.07, 33.07, 0],
		[101, "U3_27", 960, -1475, "T", "DIP", "U1_17", "", "C", 49.606, 49.606, 33.07, 33.07, 0],
		[102, "U3_27", 960, -1475, "B", "DIP", "U1_17", "", "C", 49.606, 49.606, 33.07, 33.07, 0],
		[103, "U3_28", 1060, -1675, "T", "DIP", "GND", "GND", "C", 49.606, 49.606, 33.07, 33.07, 0],
		[104, "U3_28", 1060, -1675, "B", "DIP", "GND", "GND", "C", 49.606, 49.606, 33.07, 33.07, 0],
		[105, "U3_29", 1060, -1575, "T", "DIP", "+5V", "", "C", 49.606, 49.606, 33.07, 33.07, 0],
		[106, "U3_29", 1060, -1575, "B", "DIP", "+5V", "", "C", 49.606, 49.606, 33.07, 33.07, 0],
		[107, "U3_30", 1060, -1475, "T", "DIP", "U1_13", "", "C", 49.606, 49.606, 33.07, 33.07, 0],
		[108, "U3_30", 1060, -1475, "B", "DIP", "U1_13", "", "C", 49.606, 49.606, 33.07, 33.07, 0],
		[109, "U3_31", 1160, -1675, "T", "DIP", "GND", "GND", "C", 49.606, 49.606, 33.07, 33.07, 0],
		[110, "U3_31", 1160, -1675, "B", "DIP", "GND", "GND", "C", 49.606, 49.606, 33.07, 33.07, 0],
		[111, "U3_32", 1160, -1575, "T", "DIP", "+5V", "", "C", 49.606, 49.606, 33.07, 33.07, 0],
		[112, "U3_32", 1160, -1575, "B", "DIP", "+5V", "", "C", 49.606, 49.606, 33.07, 33.07, 0],
		[113, "U3_33", 1160, -1475, "T", "DIP", "U1_14", "", "C", 49.606, 49.606, 33.07, 33.07, 0],
		[114, "U3_33", 1160, -1475, "B", "DIP", "U1_14", "", "C", 49.606, 49.606, 33.07, 33.07, 0],
		[115, "U3_34", 1260, -1675, "T", "DIP", "GND", "GND", "C", 49.606, 49.606, 33.07, 33.07, 0],
		[116, "U3_34", 1260, -1675, "B", "DIP", "GND", "GND", "C", 49.606, 49.606, 33.07, 33.07, 0],
		[117, "U3_35", 1260, -1575, "T", "DIP", "+5V", "", "C", 49.606, 49.606, 33.07, 33.07, 0],
		[118, "U3_35", 1260, -1575, "B", "DIP", "+5V", "", "C", 49.606, 49.606, 33.07, 33.07, 0],
		[119, "U3_36", 1260, -1475, "T", "DIP", "U1_15", "", "C", 49.606, 49.606, 33.07, 33.07, 0],
		[120, "U3_36", 1260, -1475, "B", "DIP", "U1_15", "", "C", 49.606, 49.606, 33.07, 33.07, 0],
		[121, "PAD1_2", 403.98, -285, "T", "DIP", "U1_2", "", "C", 60, 60, 36, 36, 0],
		[122, "PAD1_2", 403.98, -285, "B", "DIP", "U1_2", "", "C", 60, 60, 36, 36, 0],
		[123, "PAD2_4", 403.98, -485, "T", "DIP", "GND", "GND", "C", 60, 60, 36, 36, 0],
		[124, "PAD2_4", 403.98, -485, "B", "DIP", "GND", "GND", "C", 60, 60, 36, 36, 0],
		[125, "PAD3_7", 403.98, -785, "T", "DIP", "U1_7", "", "C", 60, 60, 36, 36, 0],
		[126, "PAD3_7", 403.98, -785, "B", "DIP", "U1_7", "", "C", 60, 60, 36, 36, 0],
		[127, "PAD4_9", 403.98, -985, "T", "DIP", "U1_9", "", "C", 60, 60, 36, 36, 0],
		[128, "PAD4_9", 403.98, -985, "B", "DIP", "U1_9", "", "C", 60, 60, 36, 36, 0],
		[129, "PAD5_11", 403.98, -1185, "T", "DIP", "U1_11", "", "C", 60, 60, 36, 36, 0],
		[130, "PAD5_11", 403.98, -1185, "B", "DIP", "U1_11", "", "C", 60, 60, 36, 36, 0],
		[131, "PAD6_12", 403.98, -1285, "T", "DIP", "U1_12", "", "C", 60, 60, 36, 36, 0],
		[132, "PAD6_12", 403.98, -1285, "B", "DIP", "U1_12", "", "C", 60, 60, 36, 36, 0],
		[133, "PAD7_13", 1003.98, -1285, "T", "DIP", "U1_13", "", "C", 60, 60, 36, 36, 0],
		[134, "PAD7_13", 1003.98, -1285, "B", "DIP", "U1_13", "", "C", 60, 60, 36, 36, 0],
		[135, "PAD8_14", 1003.98, -1185, "T", "DIP", "U1_14", "", "C", 60, 60, 36, 36, 0],
		[136, "PAD8_14", 1003.98, -1185, "B", "DIP", "U1_14", "", "C", 60, 60, 36, 36, 0],
		[137, "PAD9_15", 1003.98, -1085, "T", "DIP", "U1_15", "", "C", 60, 60, 36, 36, 0],
		[138, "PAD9_15", 1003.98, -1085, "B", "DIP", "U1_15", "", "C", 60, 60, 36, 36, 0],
		[139, "PAD10_17", 1003.98, -885, "T", "DIP", "U1_17", "", "C", 60, 60, 36, 36, 0],
		[140, "PAD10_17", 1003.98, -885, "B", "DIP", "U1_17", "", "C", 60, 60, 36, 36, 0],
		[141, "PAD11_18", 1003.98, -785, "T", "DIP", "U1_18", "", "C", 60, 60, 36, 36, 0],
		[142, "PAD11_18", 1003.98, -785, "B", "DIP", "U1_18", "", "C", 60, 60, 36, 36, 0],
		[143, "PAD12_19", 1003.98, -685, "T", "DIP", "U1_19", "", "C", 60, 60, 36, 36, 0],
		[144, "PAD12_19", 1003.98, -685, "B", "DIP", "U1_19", "", "C", 60, 60, 36, 36, 0],
		[145, "PAD13_20", 1003.98, -585, "T", "DIP", "U1_20", "", "C", 60, 60, 36, 36, 0],
		[146, "PAD13_20", 1003.98, -585, "B", "DIP", "U1_20", "", "C", 60, 60, 36, 36, 0],
		[147, "PAD14_21", 1003.98, -485, "T", "DIP", "+5V", "", "C", 60, 60, 36, 36, 0],
		[148, "PAD14_21", 1003.98, -485, "B", "DIP", "+5V", "", "C", 60, 60, 36, 36, 0],
		[149, "PAD15_23", 1003.98, -285, "T", "DIP", "GND", "GND", "C", 60, 60, 36, 36, 0],
		[150, "PAD15_23", 1003.98, -285, "B", "DIP", "GND", "GND", "C", 60, 60, 36, 36, 0],
		[151, "PAD16_3", 403.98, -385, "T", "DIP", "GND", "GND", "C", 60, 60, 36, 36, 0],
		[152, "PAD16_3", 403.98, -385, "B", "DIP", "GND", "GND", "C", 60, 60, 36, 36, 0],
		[153, "PAD17_1", 160, -1675, "T", "DIP", "GND", "GND", "C", 49.606, 49.606, 33.07, 33.07, 0],
		[154, "PAD17_1", 160, -1675, "B", "DIP", "GND", "GND", "C", 49.606, 49.606, 33.07, 33.07, 0],
		[155, "PAD18_2", 160, -1575, "T", "DIP", "+5V", "", "C", 49.606, 49.606, 33.07, 33.07, 0],
		[156, "PAD18_2", 160, -1575, "B", "DIP", "+5V", "", "C", 49.606, 49.606, 33.07, 33.07, 0],
		[157, "PAD19_3", 160, -1475, "T", "DIP", "U1_2", "", "C", 49.606, 49.606, 33.07, 33.07, 0],
		[158, "PAD19_3", 160, -1475, "B", "DIP", "U1_2", "", "C", 49.606, 49.606, 33.07, 33.07, 0],
		[159, "PAD20_4", 260, -1675, "T", "DIP", "GND", "GND", "C", 49.606, 49.606, 33.07, 33.07, 0],
		[160, "PAD20_4", 260, -1675, "B", "DIP", "GND", "GND", "C", 49.606, 49.606, 33.07, 33.07, 0],
		[161, "PAD21_5", 260, -1575, "T", "DIP", "+5V", "", "C", 49.606, 49.606, 33.07, 33.07, 0],
		[162, "PAD21_5", 260, -1575, "B", "DIP", "+5V", "", "C", 49.606, 49.606, 33.07, 33.07, 0],
		[163, "PAD22_6", 260, -1475, "T", "DIP", "U1_7", "", "C", 49.606, 49.606, 33.07, 33.07, 0],
		[164, "PAD22_6", 260, -1475, "B", "DIP", "U1_7", "", "C", 49.606, 49.606, 33.07, 33.07, 0],
		[165, "PAD23_7", 360, -1675, "T", "DIP", "GND", "GND", "C", 49.606, 49.606, 33.07, 33.07, 0],
		[166, "PAD23_7", 360, -1675, "B", "DIP", "GND", "GND", "C", 49.606, 49.606, 33.07, 33.07, 0],
		[167, "PAD24_8", 360, -1575, "T", "DIP", "+5V", "", "C", 49.606, 49.606, 33.07, 33.07, 0],
		[168, "PAD24_8", 360, -1575, "B", "DIP", "+5V", "", "C", 49.606, 49.606, 33.07, 33.07, 0],
		[169, "PAD25_9", 360, -1475, "T", "DIP", "U1_9", "", "C", 49.606, 49.606, 33.07, 33.07, 0],
		[170, "PAD25_9", 360, -1475, "B", "DIP", "U1_9", "", "C", 49.606, 49.606, 33.07, 33.07, 0],
		[171, "PAD26_10", 460, -1675, "T", "DIP", "GND", "GND", "C", 49.606, 49.606, 33.07, 33.07, 0],
		[172, "PAD26_10", 460, -1675, "B", "DIP", "GND", "GND", "C", 49.606, 49.606, 33.07, 33.07, 0],
		[173, "PAD27_11", 460, -1575, "T", "DIP", "+5V", "", "C", 49.606, 49.606, 33.07, 33.07, 0],
		[174, "PAD27_11", 460, -1575, "B", "DIP", "+5V", "", "C", 49.606, 49.606, 33.07, 33.07, 0],
		[175, "PAD28_12", 460, -1475, "T", "DIP", "U1_11", "", "C", 49.606, 49.606, 33.07, 33.07, 0],
		[176, "PAD28_12", 460, -1475, "B", "DIP", "U1_11", "", "C", 49.606, 49.606, 33.07, 33.07, 0],
		[177, "PAD29_13", 560, -1675, "T", "DIP", "GND", "GND", "C", 49.606, 49.606, 33.07, 33.07, 0],
		[178, "PAD29_13", 560, -1675, "B", "DIP", "GND", "GND", "C", 49.606, 49.606, 33.07, 33.07, 0],
		[179, "PAD30_14", 560, -1575, "T", "DIP", "+5V", "", "C", 49.606, 49.606, 33.07, 33.07, 0],
		[180, "PAD30_14", 560, -1575, "B", "DIP", "+5V", "", "C", 49.606, 49.606, 33.07, 33.07, 0],
		[181, "PAD31_15", 560, -1475, "T", "DIP", "U1_12", "", "C", 49.606, 49.606, 33.07, 33.07, 0],
		[182, "PAD31_15", 560, -1475, "B", "DIP", "U1_12", "", "C", 49.606, 49.606, 33.07, 33.07, 0],
		[183, "PAD32_16", 660, -1675, "T", "DIP", "GND", "GND", "C", 49.606, 49.606, 33.07, 33.07, 0],
		[184, "PAD32_16", 660, -1675, "B", "DIP", "GND", "GND", "C", 49.606, 49.606, 33.07, 33.07, 0],
		[185, "PAD33_17", 660, -1575, "T", "DIP", "+5V", "", "C", 49.606, 49.606, 33.07, 33.07, 0],
		[186, "PAD33_17", 660, -1575, "B", "DIP", "+5V", "", "C", 49.606, 49.606, 33.07, 33.07, 0],
		[187, "PAD34_18", 660, -1475, "T", "DIP", "U1_20", "", "C", 49.606, 49.606, 33.07, 33.07, 0],
		[188, "PAD34_18", 660, -1475, "B", "DIP", "U1_20", "", "C", 49.606, 49.606, 33.07, 33.07, 0],
		[189, "PAD35_19", 760, -1675, "T", "DIP", "GND", "GND", "C", 49.606, 49.606, 33.07, 33.07, 0],
		[190, "PAD35_19", 760, -1675, "B", "DIP", "GND", "GND", "C", 49.606, 49.606, 33.07, 33.07, 0],
		[191, "PAD36_20", 760, -1575, "T", "DIP", "+5V", "", "C", 49.606, 49.606, 33.07, 33.07, 0],
		[192, "PAD36_20", 760, -1575, "B", "DIP", "+5V", "", "C", 49.606, 49.606, 33.07, 33.07, 0],
		[193, "PAD37_21", 760, -1475, "T", "DIP", "U1_19", "", "C", 49.606, 49.606, 33.07, 33.07, 0],
		[194, "PAD37_21", 760, -1475, "B", "DIP", "U1_19", "", "C", 49.606, 49.606, 33.07, 33.07, 0],
		[195, "PAD38_22", 860, -1675, "T", "DIP", "GND", "GND", "C", 49.606, 49.606, 33.07, 33.07, 0],
		[196, "PAD38_22", 860, -1675, "B", "DIP", "GND", "GND", "C", 49.606, 49.606, 33.07, 33.07, 0],
		[197, "PAD39_23", 860, -1575, "T", "DIP", "+5V", "", "C", 49.606, 49.606, 33.07, 33.07, 0],
		[198, "PAD39_23", 860, -1575, "B", "DIP", "+5V", "", "C", 49.606, 49.606, 33.07, 33.07, 0],
		[199, "PAD40_24", 860, -1475, "T", "DIP", "U1_18", "", "C", 49.606, 49.606, 33.07, 33.07, 0],
		[200, "PAD40_24", 860, -1475, "B", "DIP", "U1_18", "", "C", 49.606, 49.606, 33.07, 33.07, 0],
		[201, "PAD41_25", 960, -1675, "T", "DIP", "GND", "GND", "C", 49.606, 49.606, 33.07, 33.07, 0],
		[202, "PAD41_25", 960, -1675, "B", "DIP", "GND", "GND", "C", 49.606, 49.606, 33.07, 33.07, 0],
		[203, "PAD42_26", 960, -1575, "T", "DIP", "+5V", "", "C", 49.606, 49.606, 33.07, 33.07, 0],
		[204, "PAD42_26", 960, -1575, "B", "DIP", "+5V", "", "C", 49.606, 49.606, 33.07, 33.07, 0],
		[205, "PAD43_27", 960, -1475, "T", "DIP", "U1_17", "", "C", 49.606, 49.606, 33.07, 33.07, 0],
		[206, "PAD43_27", 960, -1475, "B", "DIP", "U1_17", "", "C", 49.606, 49.606, 33.07, 33.07, 0],
		[207, "PAD44_28", 1060, -1675, "T", "DIP", "GND", "GND", "C", 49.606, 49.606, 33.07, 33.07, 0],
		[208, "PAD44_28", 1060, -1675, "B", "DIP", "GND", "GND", "C", 49.606, 49.606, 33.07, 33.07, 0],
		[209, "PAD45_29", 1060, -1575, "T", "DIP", "+5V", "", "C", 49.606, 49.606, 33.07, 33.07, 0],
		[210, "PAD45_29", 1060, -1575, "B", "DIP", "+5V", "", "C", 49.606, 49.606, 33.07, 33.07, 0],
		[211, "PAD46_30", 1060, -1475, "T", "DIP", "U1_13", "", "C", 49.606, 49.606, 33.07, 33.07, 0],
		[212, "PAD46_30", 1060, -1475, "B", "DIP", "U1_13", "", "C", 49.606, 49.606, 33.07, 33.07, 0],
		[213, "PAD47_31", 1160, -1675, "T", "DIP", "GND", "GND", "C", 49.606, 49.606, 33.07, 33.07, 0],
		[214, "PAD47_31", 1160, -1675, "B", "DIP", "GND", "GND", "C", 49.606, 49.606, 33.07, 33.07, 0],
		[215, "PAD48_32", 1160, -1575, "T", "DIP", "+5V", "", "C", 49.606, 49.606, 33.07, 33.07, 0],
		[216, "PAD48_32", 1160, -1575, "B", "DIP", "+5V", "", "C", 49.606, 49.606, 33.07, 33.07, 0],
		[217, "PAD49_33", 1160, -1475, "T", "DIP", "U1_14", "", "C", 49.606, 49.606, 33.07, 33.07, 0],
		[218, "PAD49_33", 1160, -1475, "B", "DIP", "U1_14", "", "C", 49.606, 49.606, 33.07, 33.07, 0],
		[219, "PAD50_34", 1260, -1675, "T", "DIP", "GND", "GND", "C", 49.606, 49.606, 33.07, 33.07, 0],
		[220, "PAD50_34", 1260, -1675, "B", "DIP", "GND", "GND", "C", 49.606, 49.606, 33.07, 33.07, 0],
		[221, "PAD51_35", 1260, -1575, "T", "DIP", "+5V", "", "C", 49.606, 49.606, 33.07, 33.07, 0],
		[222, "PAD51_35", 1260, -1575, "B", "DIP", "+5V", "", "C", 49.606, 49.606, 33.07, 33.07, 0],
		[223, "PAD52_36", 1260, -1475, "T", "DIP", "U1_15", "", "C", 49.606, 49.606, 33.07, 33.07, 0],
		[224, "PAD52_36", 1260, -1475, "B", "DIP", "U1_15", "", "C", 49.606, 49.606, 33.07, 33.07, 0]
	]
}
}