{
"lengthUnit": "mil",
"remark": [],
"components": {
	"fields": ["COMPONENT_NO", "COMPONENT_NAME", "LAYER", "X_COORDINATE", "Y_COORDINATE", "ANGLE"],
	"rows": [
		[1, "CN1", "B", 658, -1264, 0],
		[2, "SW1", "T", 635, -370, 270],
		[3, "SW2", "T", 1100, -620, 270],
		[4, "SW3", "T", 1100, -1220, 180],
		[5, "SW4", "T", 640, -1470, 90],
		[6, "SW5", "T", 530, -920, 0],
		[7, "U1", "B", 782, -670, 180],
		[8, "U3", "B", 912, -1372, 270],
		[9, "PAD1", "T", 912.002, -1272, 0],
		[10, "PAD1", "B", 912.002, -1272, 0],
		[11, "PAD2", "T", 912.002, -1372, 0],
		[12, "PAD2", "B", 912.002, -1372, 0],
		[13, "PAD3", "T", 912.002, -1472, 0],
		[14, "PAD3", "B", 912.002, -1472, 0],
		[15, "PAD4", "T", 608.785, -1264, 0],
		[16, "PAD4", "B", 608.785, -1264, 0],
		[17, "PAD5", "T", 707.215, -1264, 0],
		[18, "PAD5", "B", 707.215, -1264, 0],
		[19, "PAD6", "T", 305.59, -792.045, 0],
		[20, "PAD7", "T", 305.59, -902.285, 0],
		[21, "PAD8", "T", 305.59, -1047.955, 0],
		[22, "PAD9", "T", 754.41, -792.045, 0],
		[23, "PAD10", "T", 754.41, -902.285, 0],
		[24, "PAD11", "T", 754.41, -1047.955, 0],
		[25, "PAD12", "B", 1097, -320, 0],
		[26, "PAD13", "B", 1097, -420, 0],
		[27, "PAD14", "B", 1097, -520, 0],
		[28, "PAD15", "B", 1097, -820, 0],
		[29, "PAD16", "B", 1097, -920, 0],
		[30, "PAD17", "B", 1097, -1020, 0],
		[31, "PAD18", "B", 467, -1020, 0],
		[32, "PAD19", "B", 467, -920, 0],
		[33, "PAD20", "B", 467, -820, 0],
		[34, "PAD21", "B", 467, -720, 0],
		[35, "PAD22", "B", 467, -620, 0],
		[36, "PAD23", "B", 467, -420, 0],
		[37, "PAD24", "B", 467, -320, 0],
		[38, "PAD25", "T", 817.8, -281.42, 0],
		[39, "PAD26", "T", 817.8, -458.58, 0],
		[40, "PAD27", "T", 917.2, -531.42, 0],
		[41, "PAD28", "T", 917.2, -708.58, 0],
		[42, "PAD29", "T", 1188.58, -1037.2, 0],
		[43, "PAD30", "T", 1011.42, -1037.2, 0],
		[44, "PAD31", "T", 822.8, -1558.58, 0],
		[45, "PAD32", "T", 457.2, -1381.42, 0]
	]
},
"pins": {
	"fields": ["PIN_NO", "PIN_NAME", "PIN_X", "PIN_Y", "LAYER", "PIN_TYPE", "NET_NAME", "NET_TYPE", "PAD_SHAPE", "PAD_SIZEX", "PAD_SIZEY", "HOLE_SIZE", "HOLE_LEN", "PAD_ANGLE"],
	"rows": [
		[1, "CN1_1", 608.785, -1264, "T", "DIP", "GND", "GND", "R", 60, 60, 39.37, 41.338, 0],
		[2, "CN1_1", 608.785, -1264, "B", "DIP", "GND", "GND", "R", 60, 60, 39.37, 41.338, 0],
		[3, "CN1_2", 707.215, -1264, "T", "DIP", "$1N2544", "", "R", 60, 60, 39.37, 41.338, 0],
		[4, "CN1_2", 707.215, -1264, "B", "DIP", "$1N2544", "", "R", 60, 60, 39.37, 41.338, 0],
		[5, "SW1_1", 452.2, -281.42, "T", "SMD", "NET_1", "", "R", 55.118, 90.551, 0, 0, 270],
		[6, "SW1_2", 817.8, -281.42, "T", "SMD", "$1N2498", "", "R", 55.118, 90.551, 0, 0, 270],
		[7, "SW1_3", 817.8, -458.58, "T", "SMD", "GND", "GND", "R", 55.118, 90.551, 0, 0, 270],
		[8, "SW1_4", 452.2, -458.58, "T", "SMD", "NET_2", "", "R", 55.118, 90.551, 0, 0, 270],
		[9, "SW2_1", 917.2, -531.42, "T", "SMD", "$1N2506", "", "R", 55.118, 90.551, 0, 0, 270],
		[10, "SW2_2", 1282.8, -531.42, "T", "SMD", "NET_3", "", "R", 55.118, 90.551, 0, 0, 270],
		[11, "SW2_3", 1282.8, -708.58, "T", "SMD", "NET_4", "", "R", 55.118, 90.551, 0, 0, 270],
		[12, "SW2_4", 917.2, -708.58, "T", "SMD", "GND", "GND", "R", 55.118, 90.551, 0, 0, 270],
		[13, "SW3_1", 1188.58, -1037.2, "T", "SMD", "$1N2515", "", "R", 55.118, 90.551, 0, 0, 180],
		[14, "SW3_2", 1188.58, -1402.8, "T", "SMD", "NET_5", "", "R", 55.118, 90.551, 0, 0, 180],
		[15, "SW3_3", 1011.42, -1402.8, "T", "SMD", "NET_6", "", "R", 55.118, 90.551, 0, 0, 180],
		[16, "SW3_4", 1011.42, -1037.2, "T", "SMD", "GND", "GND", "R", 55.118, 90.551, 0, 0, 180],
		[17, "SW4_1", 822.8, -1558.58, "T", "SMD", "$1N2525", "", "R", 55.118, 90.551, 0, 0, 90],
		[18, "SW4_2", 457.2, -1558.58, "T", "SMD", "NET_7", "", "R", 55.118, 90.551, 0, 0, 90],
		[19, "SW4_3", 457.2, -1381.42, "T", "SMD", "GND", "GND", "R", 55.118, 90.551, 0, 0, 90],
		[20, "SW4_4", 822.8, -1381.42, "T", "SMD", "NET_8", "", "R", 55.118, 90.551, 0, 0, 90],
		[21, "SW5_1", 305.59, -792.045, "T", "SMD", "GND", "GND", "R", 66.929, 51.181, 0, 0, 0],
		[22, "SW5_2", 305.59, -902.285, "T", "SMD", "$1N2405", "", "R", 66.929, 51.181, 0, 0, 0],
		[23, "SW5_3", 305.59, -1047.955, "T", "SMD", "$1N2454", "", "R", 66.929, 51.181, 0, 0, 0],
		[24, "SW5_4", 754.41, -792.045, "T", "SMD", "$1N2442", "", "R", 66.929, 51.181, 0, 0, 0],
		[25, "SW5_5", 754.41, -902.285, "T", "SMD", "$1N2428", "", "R", 66.929, 51.181, 0, 0, 0],
		[26, "SW5_6", 754.41, -1047.955, "T", "SMD", "$1N2416", "", "R", 66.929, 51.181, 0, 0, 0],
		[27, "U1_1", 1097, -320, "B", "SMD", "$1N2498", "", "R", 82.76, 70.94, 0, 0, 180],
		[28, "U1_2", 1097, -420, "B", "SMD", "$1N2506", "", "R", 82.76, 70.94, 0, 0, 180],
		[29, "U1_3", 1097, -520, "B", "SMD", "$1N2515", "", "R", 82.76, 70.94, 0, 0, 180],
		[30, "U1_4", 1097, -620, "B", "SMD", "NET_9", "", "R", 82.76, 70.944, 0, 0, 180],
		[31, "U1_5", 1097, -720, "B", "SMD", "NET_10", "", "R", 82.76, 70.944, 0, 0, 180],
		[32, "U1_6", 1097, -820, "B", "SMD", "$1N2525", "", "R", 82.76, 70.944, 0, 0, 180],
		[33, "U1_7", 1097, -920, "B", "SMD", "$1N2544", "", "R", 82.76, 70.944, 0, 0, 180],
		[34, "U1_8", 1097, -1020, "B", "SMD", "$1N857", "", "R", 82.76, 70.944, 0, 0, 180],
		[35, "U1_9", 467, -1020, "B", "SMD", "$1N2454", "", "R", 82.76, 70.944, 0, 0, 180],
		[36, "U1_10", 467, -920, "B", "SMD", "$1N2428", "", "R", 82.76, 70.944, 0, 0, 180],
		[37, "U1_11", 467, -820, "B", "SMD", "$1N2416", "", "R", 82.76, 70.944, 0, 0, 180],
		[38, "U1_12", 467, -720, "B", "SMD", "$1N2405", "", "R", 82.76, 70.944, 0, 0, 180],
		[39, "U1_13", 467, -620, "B", "SMD", "$1N2442", "", "R", 82.76, 70.944, 0, 0, 180],
		[40, "U1_14", 467, -520, "B", "SMD", "NET_11", "", "R", 82.76, 70.94, 0, 0, 180],
		[41, "U1_15", 467, -420, "B", "SMD", "GND", "GND", "R", 82.76, 70.94, 0, 0, 180],
		[42, "U1_16", 467, -320, "B", "SMD", "+5V", "", "R", 82.76, 70.94, 0, 0, 180],
		[43, "U3_1", 912.002, -1272, "T", "DIP", "GND", "GND", "C", 64.961, 64.961, 43.308, 43.308, 270],
		[44, "U3_1", 912.002, -1272, "B", "DIP", "GND", "GND", "C", 64.961, 64.961, 43.308, 43.308, 270],
		[45, "U3_2", 912.002, -1372, "T", "DIP", "+5V", "", "C", 64.961, 64.961, 43.308, 43.308, 270],
		[46, "U3_2", 912.002, -1372, "B", "DIP", "+5V", "", "C", 64.961, 64.961, 43.308, 43.308, 270],
		[47, "U3_3", 912.002, -1472, "T", "DIP", "$1N857", "", "C", 64.961, 64.961, 43.308, 43.308, 270],
		[48, "U3_3", 912.002, -1472, "B", "DIP", "$1N857", "", "C", 64.961, 64.961, 43.308, 43.308, 270],
		[49, "PAD1_1", 912.002, -1272, "T", "DIP", "GND", "GND", "C", 64.961, 64.961, 43.308, 43.308, 270],
		[50, "PAD1_1", 912.002, -1272, "B", "DIP", "GND", "GND", "C", 64.961, 64.961, 43.308, 43.308, 270],
		[51, "PAD2_2", 912.002, -1372, "T", "DIP", "+5V", "", "C", 64.961, 64.961, 43.308, 43.308, 270],
		[52, "PAD2_2", 912.002, -1372, "B", "DIP", "+5V", "", "C", 64.961, 64.961, 43.308, 43.308, 270],
		[53, "PAD3_3", 912.002, -1472, "T", "DIP", "$1N857", "", "C", 64.961, 64.961, 43.308, 43.308, 270],
		[54, "PAD3_3", 912.002, -1472, "B", "DIP", "$1N857", "", "C", 64.961, 64.961, 43.308, 43.308, 270],
		[55, "PAD4_1", 608.785, -1264, "T", "DIP", "GND", "GND", "R", 60, 60, 39.37, 41.338, 0],
		[56, "PAD4_1", 608.785, -1264, "B", "DIP", "GND", "GND", "R", 60, 60, 39.37, 41.338, 0],
		[57, "PAD5_2", 707.215, -1264, "T", "DIP", "$1N2544", "", "R", 60, 60, 39.37, 41.338, 0],
		[58, "PAD5_2", 707.215, -1264, "B", "DIP", "$1N2544", "", "R", 60, 60, 39.37, 41.338, 0],
		[59, "PAD6_1", 305.59, -792.045, "T", "SMD", "GND", "GND", "R", 66.929, 51.181, 0, 0, 0],
		[60, "PAD7_2", 305.59, -902.285, "T", "SMD", "$1N2405", "", "R", 66.929, 51.181, 0, 0, 0],
		[61, "PAD8_3", 305.59, -1047.955, "T", "SMD", "$1N2454", "", "R", 66.929, 51.181, 0, 0, 0],
		[62, "PAD9_4", 754.41, -792.045, "T", "SMD", "$1N2442", "", "R", 66.929, 51.181, 0, 0, 0],
		[63, "PAD10_5", 754.41, -902.285, "T", "SMD", "$1N2428", "", "R", 66.929, 51.181, 0, 0, 0],
		[64, "PAD11_6", 754.41, -1047.955, "T", "SMD", "$1N2416", "", "R", 66.929, 51.181, 0, 0, 0],
		[65, "PAD12_1", 1097, -320, "B", "SMD", "$1N2498", "", "R", 82.76, 70.94, 0, 0, 180],
		[66, "PAD13_2", 1097, -420, "B", "SMD", "$1N2506", "", "R", 82.76, 70.94, 0, 0, 180],
		[67, "PAD14_3", 1097, -520, "B", "SMD", "$1N2515", "", "R", 82.76, 70.94, 0, 0, 180],
		[68, "PAD15_6", 1097, -820, "B", "SMD", "$1N2525", "", "R", 82.76, 70.944, 0, 0, 180],
		[69, "PAD16_7", 1097, -920, "B", "SMD", "$1N2544", "", "R", 82.76, 70.944, 0, 0, 180],
		[70, "PAD17_8", 1097, -1020, "B", "SMD", "$1N857", "", "R", 82.76, 70.944, 0, 0, 180],
		[71, "PAD18_9", 467, -1020, "B", "SMD", "$1N2454", "", "R", 82.76, 70.944, 0, 0, 180],
		[72, "PAD19_10", 467, -920, "B", "SMD", "$1N2428", "", "R", 82.76, 70.944, 0, 0, 180],
		[73, "PAD20_11", 467, -820, "B", "SMD", "$1N2416", "", "R", 82.76, 70.944, 0, 0, 180],
		[74, "PAD21_12", 467, -720, "B", "SMD", "$1N2405", "", "R", 82.76, 70.944, 0, 0, 180],
		[75, "PAD22_13", 467, -620, "B", "SMD", "$1N2442", "", "R", 82.76, 70.944, 0, 0, 180],
		[76, "PAD23_15", 467, -420, "B", "SMD", "GND", "GND", "R", 82.76, 70.94, 0, 0, 180],
		[77, "PAD24_16", 467, -320, "B", "SMD", "+5V", "", "R", 82.76, 70.94, 0, 0, 180],
		[78, "PAD25_2", 817.8, -281.42, "T", "SMD", "$1N2498", "", "R", 55.118, 90.551, 0, 0, 270],
		[79, "PAD26_3", 817.8, -458.58, "T", "SMD", "GND", "GND", "R", 55.118, 90.551, 0, 0, 270],
		[80, "PAD27_1", 917.2, -531.42, "T", "SMD", "$1N2506", "", "R", 55.118, 90.551, 0, 0, 270],
		[81, "PAD28_4", 917.2, -708.58, "T", "SMD", "GND", "GND", "R", 55.118, 90.551, 0, 0, 270],
		[82, "PAD29_1", 1188.58, -1037.2, "T", "SMD", "$1N2515", "", "R", 55.118, 90.551, 0, 0, 180],
		[83, "PAD30_4", 1011.42, -1037.2, "T", "SMD", "GND", "GND", "R", 55.118, 90.551, 0, 0, 180],
		[84, "PAD31_1", 822.8, -1558.58, "T", "SMD", "$1N2525", "", "R", 55.118, 90.551, 0, 0, 90],
		[85, "PAD32_3", 457.2, -1381.42, "T", "SMD", "GND", "GND", "R", 55.118, 90.551, 0, 0, 90]
	]
}
}